chromosome,source_intervals,target_intervals,source_bp,target_bp,source_intervals_hit,target_intervals_hit,overlap_bp,jaccard,target_inside_source,source_inside_target
CM068305.1,9444,1296,216032,17775,9,9,78,0.00033371982081812696,False,False
CM068306.1,8973,1384,213685,19835,31,29,261,0.0011189278870268671,False,False
CM068307.1,4881,638,129645,8926,2,2,12,8.660570587258857e-05,False,False
CM068308.1,4755,631,108939,8913,4,4,26,0.00022066436949399963,False,False
CM068309.1,4728,647,111358,9055,12,12,87,0.0007230357528713661,False,False
CM068310.1,2811,355,74367,5145,16,16,343,0.004332503884096048,False,False
CM068311.1,2632,403,65476,5929,17,18,142,0.0019926188905883837,False,False
CM068312.1,2373,270,83001,26390,17,41,22923,0.26510385344867465,False,False
