chromosome,source_intervals,target_intervals,source_bp,target_bp,source_intervals_hit,target_intervals_hit,overlap_bp,jaccard,target_inside_source,source_inside_target
CM068305.1,9,1296,89517294,17775,9,1296,17775,0.00019856498343213993,True,False
CM068306.1,9,1384,88961878,19835,9,1384,19835,0.00022296067086173698,True,False
CM068307.1,5,638,46712461,8926,5,638,8926,0.00019108391655922388,True,False
CM068308.1,5,631,45074175,8913,5,631,8913,0.00019774072403987427,True,False
CM068309.1,5,647,44136370,9055,5,647,9055,0.0002051595996680289,True,False
CM068310.1,3,355,24271462,5145,3,355,5145,0.00021197734194998224,True,False
CM068311.1,3,403,20324742,5929,3,403,5929,0.00029171342002766876,True,False
CM068312.1,2,270,19531960,26390,2,270,26390,0.0013511188841263243,True,False
